EVENT_ID,CZ_NAME_STR,BEGIN_LOCATION,BEGIN_DATE,BEGIN_TIME,EVENT_TYPE,MAGNITUDE,TOR_F_SCALE,DEATHS_DIRECT,INJURIES_DIRECT,DAMAGE_PROPERTY_NUM,DAMAGE_CROPS_NUM,STATE_ABBR,CZ_TIMEZONE,MAGNITUDE_TYPE,EPISODE_ID,CZ_TYPE,CZ_FIPS,WFO,INJURIES_INDIRECT,DEATHS_INDIRECT,SOURCE,FLOOD_CAUSE,TOR_LENGTH,TOR_WIDTH,BEGIN_RANGE,BEGIN_AZIMUTH,END_RANGE,END_AZIMUTH,END_LOCATION,END_DATE,END_TIME,BEGIN_LAT,BEGIN_LON,END_LAT,END_LON,EVENT_NARRATIVE,EPISODE_NARRATIVE,ABSOLUTE_ROWNUMBER
5553170,WESTERN ALBANY (ZONE), ,01/02/1996,2000,Heavy Snow, , ,0,0,0,0,NY,EST, ,2033979,Z,51,ALY,0,0, , , , , , , , , ,01/03/1996,2000, , , , ,"","A major winter storm developed over the Gulf coast states on January 2nd and tracked northeast along the eastern seaboard during January 3rd.  Heavy snow fell across all of eastern New York with the average snowfall ranging from 10 to 12 inches.  Snowfall amounts reached 20 inches across the Catskills.",1
5553171,EASTERN ALBANY (ZONE), ,01/02/1996,2000,Heavy Snow, , ,0,0,0,0,NY,EST, ,2033979,Z,52,ALY,0,0, , , , , , , , , ,01/03/1996,2000, , , , ,"","A major winter storm developed over the Gulf coast states on January 2nd and tracked northeast along the eastern seaboard during January 3rd.  Heavy snow fell across all of eastern New York with the average snowfall ranging from 10 to 12 inches.  Snowfall amounts reached 20 inches across the Catskills.",2
5553207,EASTERN ALBANY (ZONE), ,01/12/1996,1200,Heavy Snow, , ,0,0,0,0,NY,EST, ,2033986,Z,52,ALY,0,0, , , , , , , , , ,01/13/1996,300, , , , ,"","A winter storm formed off the coast of North Carolina on January 12th and moved northeast along the coast through January 13th.  Heavy snow fell across much of eastern New York except for the central Mohawk Valley Region.  Snowfall totals ranged from 6 to 10 inches with a few locations reporting up to a foot.  Some specific snowfall totals included 11 inches at the Albany County Airport, 6 inches in Rhinebeck in Dutchess County, 12 inches in Troy in Rensselaer County and 12 inches in Cobleskill in Schoharie County.",3
5553206,WESTERN ALBANY (ZONE), ,01/12/1996,1200,Heavy Snow, , ,0,0,0,0,NY,EST, ,2033986,Z,51,ALY,0,0, , , , , , , , , ,01/13/1996,300, , , , ,"","A winter storm formed off the coast of North Carolina on January 12th and moved northeast along the coast through January 13th.  Heavy snow fell across much of eastern New York except for the central Mohawk Valley Region.  Snowfall totals ranged from 6 to 10 inches with a few locations reporting up to a foot.  Some specific snowfall totals included 11 inches at the Albany County Airport, 6 inches in Rhinebeck in Dutchess County, 12 inches in Troy in Rensselaer County and 12 inches in Cobleskill in Schoharie County.",4
5551134,WESTERN ALBANY (ZONE), ,03/07/1996,500,Heavy Snow, , ,0,0,0,0,NY,EST, ,2036705,Z,51,ALY,0,0, , , , , , , , , ,03/08/1996,1500, , , , ,"","A large winter storm was located over the Mid-Atlantic region on Thursday morning March 7.  This system moved slowly northeastward and was situated off the New Jersey coast by Friday morning March 8.  Heavy snow fell across all of eastern New York with 10 to 16 inches common over the entire area.  Some specific snowfall totals included: 14.7 inches at the Albany County Airport, 12 inches at Little Falls in Herkimer County, 9 inches at Glens Falls in Warren County, 14 inches at Windham in Greene County and 13 inches at Cobleskill in Schoharie County.",5
5551135,EASTERN ALBANY (ZONE), ,03/07/1996,500,Heavy Snow, , ,0,0,0,0,NY,EST, ,2036705,Z,52,ALY,0,0, , , , , , , , , ,03/08/1996,1500, , , , ,"","A large winter storm was located over the Mid-Atlantic region on Thursday morning March 7.  This system moved slowly northeastward and was situated off the New Jersey coast by Friday morning March 8.  Heavy snow fell across all of eastern New York with 10 to 16 inches common over the entire area.  Some specific snowfall totals included: 14.7 inches at the Albany County Airport, 12 inches at Little Falls in Herkimer County, 9 inches at Glens Falls in Warren County, 14 inches at Windham in Greene County and 13 inches at Cobleskill in Schoharie County.",6
5592588,WESTERN ALBANY (ZONE), ,04/18/1997,500,Heavy Snow, , ,0,0,5000,0,NY,EST, ,2061800,Z,51,ALY,0,0, , , , , , , , , ,04/19/1997,800, , , , ,"","On April 18 and 19, a low pressure system deepened rapidly off the coast of Long Island.  This late season winter storm dumped heavy snow across the higher elevations of the Catskills and Taconics.  In valley locations the precipitation fell mainly as rain.  The heavy wet snow downed several trees which resulted in isolated power outages.  At Cobleskill in Schoharie County, 600 customers lost power when tree limbs downed a power line.  Some specific snowfall totals included: 10 inches at Berne in Albany County, 11 inches at Stormville in Dutchess County, 10 inches at Windham and 17 inches at East Jewitt in Greene County,  9 inches at Cobleskill in Schoharie County and  9 inches at Berlin in Rensselear County.  In Columbia County along the Taconics, snowfall totals ranged from 6 to 12 inches.",7
5159792,EASTERN ALBANY (ZONE), ,10/29/2000,1200,Heavy Snow, , ,0,0,0,0,NY,EST, ,1104114,Z,52,ALY,0,0,AWOS,ASOS,MESONET,ETC, , , , , , , , ,10/29/2000,1800, , , , ,"","	A low pressure system moved northeast off the coastline on Sunday October 29. The outer fringe of its moisture shield, interacted with unseasonably cold air, to produce an usually early snow event across eastern New York. Measurable snow  fell  across the Hudson Valley eastward to the Taconics. Up to about an inch of slushy snow accumulated in the valley floor, with a little more across the hills. At the National Weather Service office at Albany, the 0.4 inch snowfall was the first measurable October snowfall since 1987. This snowfall amount was enough to establish a new record for the date, and the fourth snowiest October ever  recorded  at Albany. The snow did produce some minor vehicular accidents, but no other problems were reported to the National Weather Service.   
	The high temperature on Sunday October 29 was only 36 degrees at Albany International Airport. This value established  a  new record cold high, eclipsing the old record of 38 set back in 1909, and the second coldest maximum temperature ever recorded  during the month of October.",8
5159801,WESTERN ALBANY (ZONE), ,10/29/2000,1200,Heavy Snow, , ,0,0,0,0,NY,EST, ,1104114,Z,51,ALY,0,0,AWOS,ASOS,MESONET,ETC, , , , , , , , ,10/29/2000,1800, , , , ,"","	A low pressure system moved northeast off the coastline on Sunday October 29. The outer fringe of its moisture shield, interacted with unseasonably cold air, to produce an usually early snow event across eastern New York. Measurable snow  fell  across the Hudson Valley eastward to the Taconics. Up to about an inch of slushy snow accumulated in the valley floor, with a little more across the hills. At the National Weather Service office at Albany, the 0.4 inch snowfall was the first measurable October snowfall since 1987. This snowfall amount was enough to establish a new record for the date, and the fourth snowiest October ever  recorded  at Albany. The snow did produce some minor vehicular accidents, but no other problems were reported to the National Weather Service.   
	The high temperature on Sunday October 29 was only 36 degrees at Albany International Airport. This value established  a  new record cold high, eclipsing the old record of 38 set back in 1909, and the second coldest maximum temperature ever recorded  during the month of October.",9
5319020,WESTERN ALBANY (ZONE), ,10/22/2002,100,Heavy Snow, , ,0,0,0,0,NY,EST, ,1144107,Z,51,ALY,0,0,AWOS,ASOS,MESONET,ETC, , , , , , , , ,10/22/2002,700, , , , ,"","An area of low pressure tracked east along the Interstate-80 corridor, from Cleveland to New York City, early on October 22. Enough cold air was in place north of the storm, to produce an unusually early snowfall across portions of eastern New York. Measurable snow fell as far south as Albany. Albany officially reported 0.5 inches of snowfall, which established a record snowfall for the date, and was the most snow recorded in October since 1987. Heavier accumulations included 1.5 inches at Caroga Lake and 3.5 inches at Lake Pleasant in Hamilton County. With many trees still fully covered with leaves, the snow brought down some limbs. While some spotty power outages might have occurred, no significant problems were reported to the National Weather Service as a result of this storm.",10
5318926,EASTERN ALBANY (ZONE), ,10/22/2002,100,Heavy Snow, , ,0,0,0,0,NY,EST, ,1144107,Z,52,ALY,0,0,AWOS,ASOS,MESONET,ETC, , , , , , , , ,10/22/2002,700, , , , ,"","An area of low pressure tracked east along the Interstate-80 corridor, from Cleveland to New York City, early on October 22. Enough cold air was in place north of the storm, to produce an unusually early snowfall across portions of eastern New York. Measurable snow fell as far south as Albany. Albany officially reported 0.5 inches of snowfall, which established a record snowfall for the date, and was the most snow recorded in October since 1987. Heavier accumulations included 1.5 inches at Caroga Lake and 3.5 inches at Lake Pleasant in Hamilton County. With many trees still fully covered with leaves, the snow brought down some limbs. While some spotty power outages might have occurred, no significant problems were reported to the National Weather Service as a result of this storm.",11
5427928,EASTERN ALBANY (ZONE), ,12/27/2004,400,Heavy Snow, , ,0,0,0,0,NY,EST, ,1182219,Z,52,ALY,0,0,TRAINED SPOTTER, , , , , , , , ,12/27/2004,800, , , , ,"An upper level disturbance interacted with Atlantic moisture and cold air to produce snow across much of interior New York and adjacent Western New England on the early morning of December 27. Most areas received 3 to 6 inches of snow. However, an enhanced area in the southern Catskills received around 7 inches of snowfall, with East Jewitt officially reporting the highest amount of 8 inches.","",12
5445650,EASTERN ALBANY (ZONE), ,03/01/2005,900,Heavy Snow, , ,0,0,0,0,NY,EST, ,1186249,Z,52,ALY,0,0,AWOS,ASOS,MESONET,ETC, , , , , , , , ,03/02/2005,0, , , , ,"","",13
5445651,WESTERN ALBANY (ZONE), ,03/01/2005,900,Heavy Snow, , ,0,0,0,0,NY,EST, ,1186250,Z,51,ALY,0,0,AWOS,ASOS,MESONET,ETC, , , , , , , , ,03/02/2005,0, , , , ,"Average total snowfall across Albany County was 13 inches.","",14
14307,WESTERN ALBANY (ZONE), ,02/13/2007,2200,Heavy Snow, , ,0,0,0,0,NY,EST-5, ,2772,Z,51,ALY,0,0,Trained Spotter, , , , , , , , ,02/14/2007,2200, , , , ,"","A low pressure system developed over the lower Mississippi Valley on Tuesday February 13th, and then tracked northeast, reaching the mid Atlantic coast by Wednesday morning on February 14th, while intensifying. The storm continued to strengthen during the day on February 14th, before moving off the New England coast by Wednesday night.|The storm spread a swath of very heavy snowfall across eastern New York and western New England, which started during the late evening hours of Tuesday, and tapered off late Wednesday night.|Snowfall amounts ranged from 1 to 3 feet across the hardest hit areas of New York State, which included the Schoharie Valley, western Mohawk Valley, and southern Adirondacks.  Amounts as high as 40 to 42 inches occurred in portions of western Montgomery County and southern Herkimer County. Slightly lower amounts occurred across the lower mid Hudson Valley, where sleet mixed in with the snow.|This storm significantly impacted travel and commerce across the region from Wednesday through Thursday, as many schools and businesses were closed.  Many roadways became impassable by Wednesday afternoon.|In addition, in Wappingers Falls in western Dutchess County, a roof collapse occurred due to the weight of heavy sleet and snow accumulation on a structure.  Although 20 people were displaced, there were no reports of injuries.|Strong winds also created near blizzard conditions at times during Wednesday afternoon and evening.",15
14308,EASTERN ALBANY (ZONE), ,02/13/2007,2200,Heavy Snow, , ,0,0,0,0,NY,EST-5, ,2772,Z,52,ALY,0,0,Trained Spotter, , , , , , , , ,02/14/2007,2200, , , , ,"","A low pressure system developed over the lower Mississippi Valley on Tuesday February 13th, and then tracked northeast, reaching the mid Atlantic coast by Wednesday morning on February 14th, while intensifying. The storm continued to strengthen during the day on February 14th, before moving off the New England coast by Wednesday night.|The storm spread a swath of very heavy snowfall across eastern New York and western New England, which started during the late evening hours of Tuesday, and tapered off late Wednesday night.|Snowfall amounts ranged from 1 to 3 feet across the hardest hit areas of New York State, which included the Schoharie Valley, western Mohawk Valley, and southern Adirondacks.  Amounts as high as 40 to 42 inches occurred in portions of western Montgomery County and southern Herkimer County. Slightly lower amounts occurred across the lower mid Hudson Valley, where sleet mixed in with the snow.|This storm significantly impacted travel and commerce across the region from Wednesday through Thursday, as many schools and businesses were closed.  Many roadways became impassable by Wednesday afternoon.|In addition, in Wappingers Falls in western Dutchess County, a roof collapse occurred due to the weight of heavy sleet and snow accumulation on a structure.  Although 20 people were displaced, there were no reports of injuries.|Strong winds also created near blizzard conditions at times during Wednesday afternoon and evening.",16
16355,WESTERN ALBANY (ZONE), ,03/16/2007,1200,Heavy Snow, , ,0,0,0,0,NY,EST-5, ,3064,Z,51,ALY,0,0,Trained Spotter, , , , , , , , ,03/17/2007,900, , , , ,"","A low pressure system developed over the southeast states during Thursday afternoon on March 15th, and then tracked northeast while intensifying, reaching the Delmarva coast by Friday evening on March 16th, and off the New England coast by Saturday morning on March 17th.|This storm brought widespread snowfall amounts of 10 to 20 inches across eastern New York and western New England, with some amounts of near two feet across the eastern Catskill region, as well as within a band extending across southern Columbia, and northern Dutchess counties of New York.  The snow began across the lower mid Hudson Valley during the mid morning hours of Friday, March 16th, and spread into the Capital Region during midday.  The snow did not reach portions of the western Mohawk Valley and southern Adirondacks until the late afternoon hours, as dry air remained in place longer, allowing the precipitation to remain aloft for several hours before reaching the ground.  This also allowed snowfall amounts to be less across this region, with generally 6 to 9 inches occurring.|Further to the southeast, some sleet mixed in with the snow, beginning during the early evening hours of Friday, and persisting into Friday night, keeping snowfall amounts a bit less across the lower mid Hudson Valley, where an average of 8 to 12 inches occurred.|This storm had significant adverse impacts to travel and commerce across the region from Friday afternoon into early Saturday morning. Travel was treacherous for the Friday evening commute, with numerous accidents reported.",17
16356,EASTERN ALBANY (ZONE), ,03/16/2007,1200,Heavy Snow, , ,0,0,0,0,NY,EST-5, ,3064,Z,52,ALY,0,0,Trained Spotter, , , , , , , , ,03/17/2007,900, , , , ,"","A low pressure system developed over the southeast states during Thursday afternoon on March 15th, and then tracked northeast while intensifying, reaching the Delmarva coast by Friday evening on March 16th, and off the New England coast by Saturday morning on March 17th.|This storm brought widespread snowfall amounts of 10 to 20 inches across eastern New York and western New England, with some amounts of near two feet across the eastern Catskill region, as well as within a band extending across southern Columbia, and northern Dutchess counties of New York.  The snow began across the lower mid Hudson Valley during the mid morning hours of Friday, March 16th, and spread into the Capital Region during midday.  The snow did not reach portions of the western Mohawk Valley and southern Adirondacks until the late afternoon hours, as dry air remained in place longer, allowing the precipitation to remain aloft for several hours before reaching the ground.  This also allowed snowfall amounts to be less across this region, with generally 6 to 9 inches occurring.|Further to the southeast, some sleet mixed in with the snow, beginning during the early evening hours of Friday, and persisting into Friday night, keeping snowfall amounts a bit less across the lower mid Hudson Valley, where an average of 8 to 12 inches occurred.|This storm had significant adverse impacts to travel and commerce across the region from Friday afternoon into early Saturday morning. Travel was treacherous for the Friday evening commute, with numerous accidents reported.",18
63541,EASTERN ALBANY (ZONE), ,12/13/2007,1100,Heavy Snow, , ,0,0,0,0,NY,EST-5, ,11540,Z,52,ALY,0,0,Trained Spotter, , , , , , , , ,12/13/2007,1930, , , , ,"A low pressure system developed over the Ohio Valley on Wednesday, December 12th, and moved east northeast, off the northern mid Atlantic coast by late Thursday, December 13th. This spread significant snowfall into eastern New York and western New England, beginning Thursday morning, and persisting into Thursday evening. ||Snowfall amounts ranged from 6 to 9 inches within the Schoharie Valley and the Capital Region, with 6 to 11 inches across the eastern Catskills, and the mid Hudson Valley region.||The heavy snowfall created treacherous travel conditions for the Thursday evening commute, leaving some roads impassable, and also resulted in the early dismissals of numerous schools and businesses.","A low pressure system developed over the Ohio Valley on Wednesday, December 12th, and moved east northeast, off the northern mid Atlantic coast by late Thursday, December 13th. This spread significant snowfall into eastern New York and western New England, beginning Thursday morning, and persisting into Thursday evening. ||Snowfall amounts ranged from 6 to 9 inches within the Schoharie Valley and the Capital Region, with 6 to 11 inches across the eastern Catskills, and the mid Hudson Valley region.||Further north, snowfall amounts were somewhat lighter, ranging from 3 to 6 inches for areas within the Mohawk Valley and across the western and southern Adirondacks, with 4 to 8 inches near and south of the Mohawk River, including the northern portions of the Capital Region, and the Helderbergs.||The moderate to heavy snowfall created treacherous travel conditions for the Thursday evening commute, leaving some roads impassable, and also resulted in the early dismissals of numerous schools and businesses.",19
69520,WESTERN ALBANY (ZONE), ,12/30/2007,2200,Heavy Snow, , ,0,0,0,0,NY,EST-5, ,12655,Z,51,ALY,0,0,Trained Spotter, , , , , , , , ,12/31/2007,1000, , , , ,"Snow developed Sunday evening on December 30th, and ended Monday morning on December 31st. Total snowfall accumulations ranged from 8 to 11 inches, with 10.5 inches reported in South Berne||The heavy snow led to hazardous driving conditions during the Monday morning commute, and resulted in numerous businesses to close, or delay opening on Monday morning.||Most schools were already closed due to the Holiday break.","A low pressure system tracked northeast along the Atlantic Coast from Sunday, December 30th, into Monday, December 31st, while intensifying. This storm system brought a swath of moderate to heavy snow to eastern New York and western New England Sunday night into Monday morning.||Across eastern New York, snowfall amounts ranged from 6 to 12 inches across the southern and western Adirondacks and Mohawk Valley, the Lake George and Saratoga region, the Helderbergs, the eastern Catskills and within the immediate Capital Region. Slightly lower amounts occurred well to the north, within the southern Adirondacks, where 3 to 7 inches fell. Lighter amounts also occurred across the mid Hudson Valley region, where generally 1 to 5 inches fell.||The moderate to heavy snow led to hazardous driving conditions during the Monday morning commute, and resulted in numerous businesses to close, or delay opening on Monday morning.||Most schools were already closed due to the Holiday break.",20
69521,EASTERN ALBANY (ZONE), ,12/30/2007,2200,Heavy Snow, , ,0,0,0,0,NY,EST-5, ,12655,Z,52,ALY,0,0,Trained Spotter, , , , , , , , ,12/31/2007,1000, , , , ,"Snow developed Sunday evening on December 30th, and ended Monday morning on December 31st. Total snowfall accumulations ranged from 7 to 13 inches, with 13 inches reported in Bethlehem, and 10 inches reported at the National Weather Service Office in Albany.||The heavy snow led to hazardous driving conditions during the Monday morning commute, and resulted in numerous businesses to close, or delay opening on Monday morning.||Most schools were already closed due to the Holiday break.","A low pressure system tracked northeast along the Atlantic Coast from Sunday, December 30th, into Monday, December 31st, while intensifying. This storm system brought a swath of moderate to heavy snow to eastern New York and western New England Sunday night into Monday morning.||Across eastern New York, snowfall amounts ranged from 6 to 12 inches across the southern and western Adirondacks and Mohawk Valley, the Lake George and Saratoga region, the Helderbergs, the eastern Catskills and within the immediate Capital Region. Slightly lower amounts occurred well to the north, within the southern Adirondacks, where 3 to 7 inches fell. Lighter amounts also occurred across the mid Hudson Valley region, where generally 1 to 5 inches fell.||The moderate to heavy snow led to hazardous driving conditions during the Monday morning commute, and resulted in numerous businesses to close, or delay opening on Monday morning.||Most schools were already closed due to the Holiday break.",21
81443,WESTERN ALBANY (ZONE), ,02/26/2008,1100,Heavy Snow, , ,0,0,0,0,NY,EST-5, ,13505,Z,51,ALY,0,0,Trained Spotter, , , , , , , , ,02/27/2008,1000, , , , ,"","A strengthening low pressure system tracked east from the Ohio Valley into southeast New York State during Tuesday February 26th, and into the Gulf of Maine by Wednesday morning on February 27th.||This storm system brought a large swath of moderate to heavy snow across east central New York and adjacent western New England, beginning Tuesday evening, and ending Wednesday morning.||Total snowfall accumulations ranged from 8 to 14 inches within the Mohawk Valley, extending into the Lake George and Saratoga region, and upper Hudson Valley, as well as across higher elevations of the Schoharie Valley and eastern Catskills, with 3 to 7 inches further south and east into the Capital Region and central Taconics.||Intense snowfall rates of 2 to 3 inches per hour occurred Tuesday evening, which severely hampered the Tuesday evening commute. Numerous roads were closed or became impassable Tuesday evening, along with numerous accidents within the Capital Region.||In addition, this heavy snowfall resulted in the closings, or delayed openings of numerous schools and businesses Wednesday morning.",22
135263,WESTERN ALBANY (ZONE), ,10/28/2008,400,Heavy Snow, , ,0,0,0,0,NY,EST-5, ,23172,Z,51,ALY,0,0,Trained Spotter, , , , , , , , ,10/29/2008,700, , , , ,"","A low pressure system developed along a nearly stationary frontal boundary just off the northern mid Atlantic coast late Monday night on October 27th, and then intensified rapidly, reaching eastern Long Island by Tuesday morning on October 28th. The low continued to intensify, and lifted north northwest, reaching southeast Quebec by early Wednesday morning on October 29th.||As cold air aloft filtered into this developing storm system, rain changed to heavy wet snow across the higher elevations of the eastern Catskills, Helderbergs, Schoharie Valley, western Mohawk Valley and southwest Adirondacks during Tuesday, before tapering off by early Wednesday morning.||Snowfall amounts of 12 to 20 inches fell across the higher elevations, which led to numerous downed trees, tree limbs and power lines due to the weight of heavy, wet snow. Widespread power outages resulted.||In valley areas, mainly rain fell. However, some wet snow mixed in Tuesday afternoon and evening, producing minor accumulations of 1 to 4 inches in some areas.",23
144156,WESTERN ALBANY (ZONE), ,12/19/2008,1200,Heavy Snow, , ,0,0,0,0,NY,EST-5, ,24628,Z,51,ALY,0,0,Trained Spotter, , , , , , , , ,12/20/2008,100, , , , ,"","A low pressure system tracked from the southwestern U.S. Thursday morning December 18th, to southern Illinois by Friday morning December 19th, to a position well off the New England coast by Saturday morning December 20th.||This low spread a swath of moderate to heavy snowfall across much of east central New York and western New England, beginning Friday afternoon, and ending early Saturday morning.||Snowfall totals generally ranged from 6 to 12 inches across eastern New York, including the southeast Catskills and mid Hudson Valley, extending north into the Capital District and across the Lake George Saratoga region into the southern Adirondacks. However, locally higher amounts of up to 16 inches fell across portions of northern Warren County.||This heavy snowfall closed numerous schools and businesses Friday through Saturday, and led to treacherous travel conditions across much of eastern New York State.||One multi-vehicle accident involving a tractor trailer closed the eastbound lanes of the New York State Thruway between exits 25 and 25a, just west of Albany, during Friday afternoon.||In addition, an airplane at Albany International Airport slid into a snowbank and needed to be dug out by airport officials. The plane was taxiing down the runway when the pilot noticed the snowbank and tried to stop. There were no injuries, and plane was not damaged.",24
144157,EASTERN ALBANY (ZONE), ,12/19/2008,1200,Heavy Snow, , ,0,0,0,0,NY,EST-5, ,24628,Z,52,ALY,0,0,Trained Spotter, , , , , , , , ,12/20/2008,100, , , , ,"","A low pressure system tracked from the southwestern U.S. Thursday morning December 18th, to southern Illinois by Friday morning December 19th, to a position well off the New England coast by Saturday morning December 20th.||This low spread a swath of moderate to heavy snowfall across much of east central New York and western New England, beginning Friday afternoon, and ending early Saturday morning.||Snowfall totals generally ranged from 6 to 12 inches across eastern New York, including the southeast Catskills and mid Hudson Valley, extending north into the Capital District and across the Lake George Saratoga region into the southern Adirondacks. However, locally higher amounts of up to 16 inches fell across portions of northern Warren County.||This heavy snowfall closed numerous schools and businesses Friday through Saturday, and led to treacherous travel conditions across much of eastern New York State.||One multi-vehicle accident involving a tractor trailer closed the eastbound lanes of the New York State Thruway between exits 25 and 25a, just west of Albany, during Friday afternoon.||In addition, an airplane at Albany International Airport slid into a snowbank and needed to be dug out by airport officials. The plane was taxiing down the runway when the pilot noticed the snowbank and tried to stop. There were no injuries, and plane was not damaged.",25
144193,WESTERN ALBANY (ZONE), ,12/21/2008,600,Heavy Snow, , ,0,0,0,0,NY,EST-5, ,24781,Z,51,ALY,0,0,Trained Spotter, , , , , , , , ,12/21/2008,1800, , , , ,"","A low pressure system tracked across the Great Lakes late Saturday December 20th, into Sunday December 21st. As this low moved into the eastern Great Lakes, a second low pressure developed south of Long Island Sunday afternoon, and intensified rapidly, moving northeast off the northern New England coast by Monday morning December 22nd.||A swath of moderate to heavy snow fell across the southwest Adirondacks, the Lake George and Saratoga region, the Mohawk and Schoharie Valleys, beginning early Sunday morning, and tapering off by Sunday evening.||Snowfall accumulations generally ranged from 6 to 12 inches, with the greatest amounts occurring across the southern Adirondacks, where snowfall amounts reached or exceeded one foot.||Strong winds and Lake Effect snowbands persisted in the wake of this storm system for Sunday night and Monday.",26
144350,WESTERN ALBANY (ZONE), ,12/31/2008,400,Heavy Snow, , ,0,0,0,0,NY,EST-5, ,24803,Z,51,ALY,0,0,Trained Spotter, , , , , , , , ,12/31/2008,1630, , , , ,"","A low pressure system tracked east from northern Pennsylvania to just south of Long Island during Wednesday, December 31st, before intensifying rapidly and moving northeast off the New England coast by Thursday morning on January 1st.||As this low moved east, a swath of moderate to locally heavy snow fell across the western and central Mohawk Valley, and the immediate Capital District, where snowfall amounts ranged from 6 to 11 inches. Further south and east, snowfall amounts were less, mainly 3 to 6 inches. Even lighter amounts fell across northern Herkimer and Hamilton counties, where amounts generally ranged from 1 to 4 inches.||The most intense snow coincided with the Wednesday morning commute, creating treacherous travel conditions as snowfall rates reached 1 to 2 inches from the Capital region into the western Mohawk Valley. Numerous businesses had either delayed openings, or were closed. Most schools were already off due to the Holiday break.",27
144351,EASTERN ALBANY (ZONE), ,12/31/2008,400,Heavy Snow, , ,0,0,0,0,NY,EST-5, ,24803,Z,52,ALY,0,0,Trained Spotter, , , , , , , , ,12/31/2008,1630, , , , ,"","A low pressure system tracked east from northern Pennsylvania to just south of Long Island during Wednesday, December 31st, before intensifying rapidly and moving northeast off the New England coast by Thursday morning on January 1st.||As this low moved east, a swath of moderate to locally heavy snow fell across the western and central Mohawk Valley, and the immediate Capital District, where snowfall amounts ranged from 6 to 11 inches. Further south and east, snowfall amounts were less, mainly 3 to 6 inches. Even lighter amounts fell across northern Herkimer and Hamilton counties, where amounts generally ranged from 1 to 4 inches.||The most intense snow coincided with the Wednesday morning commute, creating treacherous travel conditions as snowfall rates reached 1 to 2 inches from the Capital region into the western Mohawk Valley. Numerous businesses had either delayed openings, or were closed. Most schools were already off due to the Holiday break.",28
151236,WESTERN ALBANY (ZONE), ,01/10/2009,1700,Heavy Snow, , ,0,0,0,0,NY,EST-5, ,25895,Z,51,ALY,0,0,Trained Spotter, , , , , , , , ,01/11/2009,900, , , , ,"","A developing low pressure system tracked northeast from the lower Ohio Valley on Saturday January 10th, into central Pennsylvania Saturday night, and then east to a position off the New England coast by Sunday morning, January 11th.||This low pressure system spread moderate to locally heavy snowfall across much of east central New York and western New England, beginning early Saturday evening, and ending Sunday morning.||Snowfall amounts generally ranged from 4 to 8 inches, although locally higher amounts of between 8 and 11 inches fell across portions of the Capital Region, the eastern Catskills, the Schoharie Valley and Helderbergs.",29
203505,WESTERN ALBANY (ZONE), ,12/09/2009,400,Heavy Snow, , ,0,0,0,0,NY,EST-5, ,35190,Z,51,ALY,0,0,Trained Spotter, , , , , , , , ,12/09/2009,1200, , , , ,"","A low pressure system originating over Texas moved northeast and across the central and eastern Great Lakes Wednesday, December 9th. A secondary low formed over the mid Atlantic region early Wednesday morning and strengthened as it moved northeast across Long Island and southern New England during the day. ||Snow overspread east central New York between 3 AM and 5 AM LST Wednesday morning. The snow was heavy at times with snowfall rates of 1 to 2 inches an hour |in some locations. Some warmer air worked in aloft causing sleet to mix with the snow during the day Wednesday.  The precipitation became light and tapered off by early Wednesday afternoon as it changed to rain below 1000 feet, and freezing rain above 1000 feet in elevation. Snowfall totals ranged from around 5 inches up to 12 inches.",30
203506,EASTERN ALBANY (ZONE), ,12/09/2009,400,Heavy Snow, , ,0,0,0,0,NY,EST-5, ,35190,Z,52,ALY,0,0,Trained Spotter, , , , , , , , ,12/09/2009,1200, , , , ,"","A low pressure system originating over Texas moved northeast and across the central and eastern Great Lakes Wednesday, December 9th. A secondary low formed over the mid Atlantic region early Wednesday morning and strengthened as it moved northeast across Long Island and southern New England during the day. ||Snow overspread east central New York between 3 AM and 5 AM LST Wednesday morning. The snow was heavy at times with snowfall rates of 1 to 2 inches an hour |in some locations. Some warmer air worked in aloft causing sleet to mix with the snow during the day Wednesday.  The precipitation became light and tapered off by early Wednesday afternoon as it changed to rain below 1000 feet, and freezing rain above 1000 feet in elevation. Snowfall totals ranged from around 5 inches up to 12 inches.",31
212384,WESTERN ALBANY (ZONE), ,02/23/2010,1200,Heavy Snow, , ,0,0,0,0,NY,EST-5, ,36422,Z,51,ALY,0,0,Broadcast Media, , , , , , , , ,02/24/2010,1300, , , , ,"","Low pressure developed along the mid Atlantic coast Tuesday, February 23rd, then gradually moved northward toward southern New England Tuesday night and Wednesday. This system blanketed the area in a heavy wet snow resulting in treacherous travel conditions, widespread power outages and even some building collapses. Generally, 1 to 2 feet of snow accumulated across much of east central New York with the highest amounts above 1500 feet.||The heavy wet snow resulted in widespread power outages across east central New York including impacts to six of Central Hudson Gas and Electric major transmission lines. Numerous trains were delayed and or canceled on Amtrak between Albany-Rensselaer and Poughkeepsie due to power outages. At times crossing gates had to be manually activated due to the power outages.  In addition, eight of Amtrak's 26 weekdays trains between Albany-Rensselaer and New York City's Penn Station had to be canceled Thursday, February 25th, to conduct repair work to tracks and systems that were damaged from the storm. There were a number of flights canceled at the Albany International Airport. Many cities declared snow emergencies.",32
212385,EASTERN ALBANY (ZONE), ,02/23/2010,1200,Heavy Snow, , ,0,0,0,0,NY,EST-5, ,36422,Z,52,ALY,0,0,Newspaper, , , , , , , , ,02/24/2010,1300, , , , ,"A roof was reported collapsed due to heavy snow at 400 Clinton Avenue in Albany.","Low pressure developed along the mid Atlantic coast Tuesday, February 23rd, then gradually moved northward toward southern New England Tuesday night and Wednesday. This system blanketed the area in a heavy wet snow resulting in treacherous travel conditions, widespread power outages and even some building collapses. Generally, 1 to 2 feet of snow accumulated across much of east central New York with the highest amounts above 1500 feet.||The heavy wet snow resulted in widespread power outages across east central New York including impacts to six of Central Hudson Gas and Electric major transmission lines. Numerous trains were delayed and or canceled on Amtrak between Albany-Rensselaer and Poughkeepsie due to power outages. At times crossing gates had to be manually activated due to the power outages.  In addition, eight of Amtrak's 26 weekdays trains between Albany-Rensselaer and New York City's Penn Station had to be canceled Thursday, February 25th, to conduct repair work to tracks and systems that were damaged from the storm. There were a number of flights canceled at the Albany International Airport. Many cities declared snow emergencies.",33
215328,WESTERN ALBANY (ZONE), ,02/25/2010,600,Heavy Snow, , ,0,0,0,0,NY,EST-5, ,36999,Z,51,ALY,0,0,Newspaper, , , , , , , , ,02/27/2010,1900, , , , ,"A wall was reported collapsed due to heavy snow build up in a 70 year old abandoned church on Township Road in Knox Saturday afternoon, February 27th.","A powerful storm impacted the region, the second in just a couple of days bringing  heavy rainfall and a heavy wet snow to the local area. The heavy wet snow resulted in additional and continued widespread power outages across east central New York, downed trees and power lines, treacherous travel, road closures, train delays, building collapses and snow emergencies. In addition to the heavy precipitation, strong and gusty winds developed Thursday night into Friday morning along the east facing slopes of the Taconics with gusts up to 50 mph. ||An area of low pressure developed south of Long Island Thursday, February 25th, and rapidly deepened Thursday night as it drifted northwestward into southern New England. The low began to weaken on Friday moving little, then moved gradually eastward Friday night and Saturday.||During the day Thursday precipitation overspread the area. The rain snow line set up just to the west of the Hudson River Valley with heavy wet snow occurring across  the eastern Catskills, Mohawk Valley and portions of the southern Adirondacks with snowfall rates of 2 to 3 inches an hour. Colder air began to filter into the mid Hudson Valley Thursday changing the rain to snow. Colder air eventually worked in across the rest of east central New York late Thursday night into Friday, changing the precipitation to all snow.    ||By the time the snow came to an end, snowfall totals of 1 to 4 feet were reported across the eastern Catskills, Mohawk Valley and portions of the southern Adirondacks on top of the 1 to 2 feet from February 23rd and 24th. The greatest totals occurred across the higher terrain, generally above 1000 feet. Lighter snow accumulations with as little as 2 to 4 inches occurred in areas were downsloping took place across portions of Washington County into the Capital District. The liquid equivalent totals from the storm where generally 1 to 2 inches, with higher values of 4 to 6 inches in portions of the eastern Catskills.",34
420895,WESTERN ALBANY (ZONE), ,12/26/2012,1800,Heavy Snow, , ,0,0,0,0,NY,EST-5, ,69940,Z,51,ALY,0,0,Broadcast Media, , , , , , , , ,12/27/2012,1525, , , , ,"","Low pressure organized on Christmas Day over the Deep South, producing widespread rain and severe weather across the Gulf Coast Region. As this storm lifted northward on Christmas Night, a secondary area of low pressure developed along the mid-Atlantic coastline. This secondary low become the dominant storm center and moved northeast towards Long Island.  This storm then continued northeast across southeastern New England before lifting towards the Canadian Maritimes.||Snow, heavy at times, fell across much of eastern New York from the late afternoon and evening of the 26th into the day on the 27th.  Warmer air moving in aloft allowed for the precipitation to mix with or change over to sleet and freezing rain across the mid Hudson Valley and Taconic Region, with up to a quarter of an inch of ice occurring in Hyde Park. Total storm snowfall amounts ranged for just a few inches in the Greater Poughkeepsie area to around 17 inches across the Helderbergs.  Most areas in the immediate Capital District reported between 6 inches and 11 inches of snow. This storm resulted in very slow travel during the holiday season, especially on the evening of the 26th and morning on the 27th.",35
420896,EASTERN ALBANY (ZONE), ,12/26/2012,1800,Heavy Snow, , ,0,0,0,0,NY,EST-5, ,69940,Z,52,ALY,0,0,Broadcast Media, , , , , , , , ,12/27/2012,1900, , , , ,"","Low pressure organized on Christmas Day over the Deep South, producing widespread rain and severe weather across the Gulf Coast Region. As this storm lifted northward on Christmas Night, a secondary area of low pressure developed along the mid-Atlantic coastline. This secondary low become the dominant storm center and moved northeast towards Long Island.  This storm then continued northeast across southeastern New England before lifting towards the Canadian Maritimes.||Snow, heavy at times, fell across much of eastern New York from the late afternoon and evening of the 26th into the day on the 27th.  Warmer air moving in aloft allowed for the precipitation to mix with or change over to sleet and freezing rain across the mid Hudson Valley and Taconic Region, with up to a quarter of an inch of ice occurring in Hyde Park. Total storm snowfall amounts ranged for just a few inches in the Greater Poughkeepsie area to around 17 inches across the Helderbergs.  Most areas in the immediate Capital District reported between 6 inches and 11 inches of snow. This storm resulted in very slow travel during the holiday season, especially on the evening of the 26th and morning on the 27th.",36
481215,WESTERN ALBANY (ZONE), ,12/14/2013,1000,Heavy Snow, , ,0,0,0,0,NY,EST-5, ,80341,Z,51,ALY,0,0,Trained Spotter, , , , , , , , ,12/15/2013,900, , , , ,"","An area of low pressure moved across the Ohio Valley towards western New York on Saturday, December 14th.  At the same time, another area of low pressure began to develop over the mid-Atlantic coast late in the day and rapidly strengthened overnight as it moved up the eastern seaboard.  This storm was located off the coast of New England during the day on Sunday, December 15th.  ||As a result, snow slowly spread from southwest to northeast during the day on December 14th.  With a cold and dry airmass in place, the snow was initially light in intensity and little accumulation occurred during the day.  ||However, as the secondary low began to rapidly develop, a steadier and heavier snowfall moved across the region during the evening hours and into the overnight.  Snow fell at rates in excess of one inch per hour over much of the region and snow rates locally were as high as up to three inches per hour at times.  During the overnight hours, sleet and freezing rain mixed in with the snow across portions of the mid-Hudson Valley and Taconics, but the precipitation remained all in the form of snow north and west of there. ||The bulk of the accumulating snow was finished by the late overnight hours, but light snow showers and flurries continued into the mid-morning hours, especially across the Adirondacks and Capital Region.  By the end of the storm, many places around the eastern Catskills, Capital Region and Lake George Saratoga Region received around a foot of snowfall. Lighter snowfall of 5 to 8 inches occured in the mid-Hudson Valley due to the mixing with sleet and freezing rain. Lighter snowfall amounts of 6 to 9 inches occurred in the western Adirondacks and western Mohawk Valley, as the heaviest snow remained east of these locations.",37
481219,EASTERN ALBANY (ZONE), ,12/14/2013,1100,Heavy Snow, , ,0,0,0,0,NY,EST-5, ,80341,Z,52,ALY,0,0,Trained Spotter, , , , , , , , ,12/15/2013,900, , , , ,"","An area of low pressure moved across the Ohio Valley towards western New York on Saturday, December 14th.  At the same time, another area of low pressure began to develop over the mid-Atlantic coast late in the day and rapidly strengthened overnight as it moved up the eastern seaboard.  This storm was located off the coast of New England during the day on Sunday, December 15th.  ||As a result, snow slowly spread from southwest to northeast during the day on December 14th.  With a cold and dry airmass in place, the snow was initially light in intensity and little accumulation occurred during the day.  ||However, as the secondary low began to rapidly develop, a steadier and heavier snowfall moved across the region during the evening hours and into the overnight.  Snow fell at rates in excess of one inch per hour over much of the region and snow rates locally were as high as up to three inches per hour at times.  During the overnight hours, sleet and freezing rain mixed in with the snow across portions of the mid-Hudson Valley and Taconics, but the precipitation remained all in the form of snow north and west of there. ||The bulk of the accumulating snow was finished by the late overnight hours, but light snow showers and flurries continued into the mid-morning hours, especially across the Adirondacks and Capital Region.  By the end of the storm, many places around the eastern Catskills, Capital Region and Lake George Saratoga Region received around a foot of snowfall. Lighter snowfall of 5 to 8 inches occured in the mid-Hudson Valley due to the mixing with sleet and freezing rain. Lighter snowfall amounts of 6 to 9 inches occurred in the western Adirondacks and western Mohawk Valley, as the heaviest snow remained east of these locations.",38
484181,WESTERN ALBANY (ZONE), ,01/01/2014,2200,Heavy Snow, , ,0,0,0,0,NY,EST-5, ,80870,Z,51,ALY,0,0,Trained Spotter, , , , , , , , ,01/03/2014,1000, , , , ,"","A long lasting snowstorm occurring across all of eastern upstate New York between the evening of New Years Day and the morning of January 3rd, 2014.  ||A slow moving frontal boundary situated over the mid-Atlantic Region was in place on Wednesday, January 1st.  An area of high pressure situated over southern Quebec allowed Arctic air to move down into the region.  As a weak wave of low pressure developed along the front, moisture moved up and over the frontal boundary into the region. As a result, light snow broke out and gradually spread from south to north between the evening on Wednesday, January 1st and the early morning hours on Thursday, January 2nd. The snow evolved into a moderate snow over portions of the Mohawk Valley, Schoharie Valley and Capital Region during the morning hours on January 2nd and continued through much of the day.  Further south, there was a brief break in the steady snowfall during the daytime on January 2nd, but it remained quite cold, with temperatures only in the single digits over much of the region. ||On the evening of Thursday, January 2nd, a new area of low pressure began to form of the mid-Atlantic coast.  This brought some moisture from the Atlantic Ocean into the region, and a moderate snowfall developed over the entire area.  The snow gradually tapered off to light snow and snow showers from west to east overnight as the low pressure area tracked east northeast away from the region.  By the morning hours of Friday, January 3rd, a general 6 to 12 inches of snow fell over much of the region, with lighter amounts across the far western Adirondacks and the mid-Hudson valley region.  A few spots in the high terrain of the northern Catskills and Helderbergs saw close to 15 inches.  In addition, temperatures remained very cold and with a cold northwest wind, wind chill values were zero to minus 20 degrees.",39
484182,EASTERN ALBANY (ZONE), ,01/01/2014,2300,Heavy Snow, , ,0,0,0,0,NY,EST-5, ,80870,Z,52,ALY,0,0,Trained Spotter, , , , , , , , ,01/03/2014,1000, , , , ,"","A long lasting snowstorm occurring across all of eastern upstate New York between the evening of New Years Day and the morning of January 3rd, 2014.  ||A slow moving frontal boundary situated over the mid-Atlantic Region was in place on Wednesday, January 1st.  An area of high pressure situated over southern Quebec allowed Arctic air to move down into the region.  As a weak wave of low pressure developed along the front, moisture moved up and over the frontal boundary into the region. As a result, light snow broke out and gradually spread from south to north between the evening on Wednesday, January 1st and the early morning hours on Thursday, January 2nd. The snow evolved into a moderate snow over portions of the Mohawk Valley, Schoharie Valley and Capital Region during the morning hours on January 2nd and continued through much of the day.  Further south, there was a brief break in the steady snowfall during the daytime on January 2nd, but it remained quite cold, with temperatures only in the single digits over much of the region. ||On the evening of Thursday, January 2nd, a new area of low pressure began to form of the mid-Atlantic coast.  This brought some moisture from the Atlantic Ocean into the region, and a moderate snowfall developed over the entire area.  The snow gradually tapered off to light snow and snow showers from west to east overnight as the low pressure area tracked east northeast away from the region.  By the morning hours of Friday, January 3rd, a general 6 to 12 inches of snow fell over much of the region, with lighter amounts across the far western Adirondacks and the mid-Hudson valley region.  A few spots in the high terrain of the northern Catskills and Helderbergs saw close to 15 inches.  In addition, temperatures remained very cold and with a cold northwest wind, wind chill values were zero to minus 20 degrees.",40
490435,WESTERN ALBANY (ZONE), ,02/05/2014,200,Heavy Snow, , ,0,0,0,0,NY,EST-5, ,81722,Z,51,ALY,0,0,Trained Spotter, , , , , , , , ,02/05/2014,1800, , , , ,"","A widespread snowfall occurred across all of eastern New York on Wednesday, February 5th.  An area of low pressure moved across the Ohio Valley, bringing a period of moderate to heavy snowfall out well ahead of the storm during the early morning hours.  Snow fell at rates in excess of one to two inches per hour, allowing for a messy commute during the morning hours, especially for areas from the Capital Region on south.  As warmer air moved into the region aloft, the precipitation changed to sleet and freezing rain across the mid-Hudson Valley and southern Taconics region, with snowfall continuing at lighter rates further north.||The low pressure area began to reform off the mid-Atlantic coast during the day and moved northeast towards the New England Coast by the evening hours.  As this occurred, an additional heavy band of snowfall developed across mainly the northern and western parts of the region during the afternoon, with snowfall once again falling at rates of one inch per hour. ||By the time the snow tapered off in the evening hours, the entire region received a widespread 6 to 12 inches, with a few spots nearing 15 inches.",41
490437,EASTERN ALBANY (ZONE), ,02/05/2014,300,Heavy Snow, , ,0,0,0,0,NY,EST-5, ,81722,Z,52,ALY,0,0,Trained Spotter, , , , , , , , ,02/05/2014,1800, , , , ,"","A widespread snowfall occurred across all of eastern New York on Wednesday, February 5th.  An area of low pressure moved across the Ohio Valley, bringing a period of moderate to heavy snowfall out well ahead of the storm during the early morning hours.  Snow fell at rates in excess of one to two inches per hour, allowing for a messy commute during the morning hours, especially for areas from the Capital Region on south.  As warmer air moved into the region aloft, the precipitation changed to sleet and freezing rain across the mid-Hudson Valley and southern Taconics region, with snowfall continuing at lighter rates further north.||The low pressure area began to reform off the mid-Atlantic coast during the day and moved northeast towards the New England Coast by the evening hours.  As this occurred, an additional heavy band of snowfall developed across mainly the northern and western parts of the region during the afternoon, with snowfall once again falling at rates of one inch per hour. ||By the time the snow tapered off in the evening hours, the entire region received a widespread 6 to 12 inches, with a few spots nearing 15 inches.",42
490766,WESTERN ALBANY (ZONE), ,02/13/2014,700,Heavy Snow, , ,0,0,0,0,NY,EST-5, ,81752,Z,51,ALY,0,0,Trained Spotter, , , , , , , , ,02/14/2014,1000, , , , ,"","An exceptional winter storm impacted all of eastern New York between Thursday, February 13th and the morning of Friday, February 14th. ||A strong area of low pressure across the Deep South moved towards the mid-Atlantic coast on February 13th.  This area of low pressure was responsible for a significant snow and ice event across the Gulf Coast and Southeast states.  Well ahead of the storm system, a heavy band of snowfall moved from south to north across the region.  The snow began in the morning hours and continued in the early to mid-afternoon hours.  Snow fell at rates of up to three inches per hour, causing significant travel issues across the region.||Much of the region experienced a break in the steady snowfall between the late afternoon and early evening hours as the initial band of precipitation shifted north and east of the region and only periods of lighter snowfall occurred.  However, the strengthening coastal storm allowed a second round of steady, heavy precipitation to begin in the late evening hours.  This snowfall moved from south to north across the region for the overnight hours.  Once again, the snow fell at significant rates of up to three inches per hour.  Some sleet and freezing rain mixed in with the snow across the mid-Hudson Valley and Taconics region during the late evening hours.  In addition, lightning and thunder accompanied the snow across far southern and eastern areas at times as well.||The snow tapered off from west to east during the morning hours after sunrise on February 14th, as the storm moved northeast towards eastern New England and Atlantic Canada. By the time snow ended, between one and two feet of snow fell across much of the Lake George Saratoga Region, Capital Region, Schoharie Valley, eastern Catskills, Taconics, and mid-Hudson Valley.  Somewhat lower amounts of 4 to 10 inches fell across the Adirondacks and western Mohawk Valley. Very strong winds, gusting as high as 40 mph, occurred as the storm pulled away.  This led to significant blowing and drifting of the snowfall through the entire day on February 14th.||As a result of the storm, Governor Andrew M. Cuomo declared a state of emergency for the Mid-Hudson as well as the following counties: Albany, Fulton, Montgomery,  Rensselaer, Saratoga, Schenectady, Schoharie, Washington, and Warren across east central New York. Restrictions were put on travel, including the banning of all tractor trailer trucks on Interstate 84 in Dutchess County and all tandem trailers on the New York State Thruway.  Many towns and cities had difficultly with snow removal, as much of the snowfall also remained from a recent early February snowstorm as well.  The weight of snow caused a few roof collapses across the region, including the front canopy of the post office in Coeymans, an apartment building in Glasco and a flat topped garage in Troy.  A large tree branch broke due to the weight of the snow in Schoharie County causing 700 power customers to lose power.",43
490767,EASTERN ALBANY (ZONE), ,02/13/2014,700,Heavy Snow, , ,0,0,0,0,NY,EST-5, ,81752,Z,52,ALY,0,0,Trained Spotter, , , , , , , , ,02/14/2014,1000, , , , ,"","An exceptional winter storm impacted all of eastern New York between Thursday, February 13th and the morning of Friday, February 14th. ||A strong area of low pressure across the Deep South moved towards the mid-Atlantic coast on February 13th.  This area of low pressure was responsible for a significant snow and ice event across the Gulf Coast and Southeast states.  Well ahead of the storm system, a heavy band of snowfall moved from south to north across the region.  The snow began in the morning hours and continued in the early to mid-afternoon hours.  Snow fell at rates of up to three inches per hour, causing significant travel issues across the region.||Much of the region experienced a break in the steady snowfall between the late afternoon and early evening hours as the initial band of precipitation shifted north and east of the region and only periods of lighter snowfall occurred.  However, the strengthening coastal storm allowed a second round of steady, heavy precipitation to begin in the late evening hours.  This snowfall moved from south to north across the region for the overnight hours.  Once again, the snow fell at significant rates of up to three inches per hour.  Some sleet and freezing rain mixed in with the snow across the mid-Hudson Valley and Taconics region during the late evening hours.  In addition, lightning and thunder accompanied the snow across far southern and eastern areas at times as well.||The snow tapered off from west to east during the morning hours after sunrise on February 14th, as the storm moved northeast towards eastern New England and Atlantic Canada. By the time snow ended, between one and two feet of snow fell across much of the Lake George Saratoga Region, Capital Region, Schoharie Valley, eastern Catskills, Taconics, and mid-Hudson Valley.  Somewhat lower amounts of 4 to 10 inches fell across the Adirondacks and western Mohawk Valley. Very strong winds, gusting as high as 40 mph, occurred as the storm pulled away.  This led to significant blowing and drifting of the snowfall through the entire day on February 14th.||As a result of the storm, Governor Andrew M. Cuomo declared a state of emergency for the Mid-Hudson as well as the following counties: Albany, Fulton, Montgomery,  Rensselaer, Saratoga, Schenectady, Schoharie, Washington, and Warren across east central New York. Restrictions were put on travel, including the banning of all tractor trailer trucks on Interstate 84 in Dutchess County and all tandem trailers on the New York State Thruway.  Many towns and cities had difficultly with snow removal, as much of the snowfall also remained from a recent early February snowstorm as well.  The weight of snow caused a few roof collapses across the region, including the front canopy of the post office in Coeymans, an apartment building in Glasco and a flat topped garage in Troy.  A large tree branch broke due to the weight of the snow in Schoharie County causing 700 power customers to lose power.",44
554080,EASTERN ALBANY (ZONE), ,02/02/2015,0,Heavy Snow, , ,0,0,0,0,NY,EST-5, ,92481,Z,52,ALY,0,0,Trained Spotter, , , , , , , , ,02/02/2015,1800, , , , ,"","A cold air mass was in place over the region on Sunday, February 1st. During the late evening hours,  an area of low pressure over the Ohio Valley began moving eastward towards the mid-Atlantic states.  With plenty of moisture streaming up from the south, precipitation spread across the region in the form of snow.  This snowfall picked up intensity during the overnight hours and continued through much of the day on Monday, February 2nd, as the low pressure area passed to the south of Long Island, New York.||Snowfall tapered off to snow showers by the evening hours and ended.  Most areas received 8 to 16 inches of snowfall with the highest totals in the Albany County Hilltowns, Mohawk Valley, Taconics and eastern Catskills.",45
554079,WESTERN ALBANY (ZONE), ,02/02/2015,0,Heavy Snow, , ,0,0,0,0,NY,EST-5, ,92481,Z,51,ALY,0,0,Trained Spotter, , , , , , , , ,02/02/2015,1800, , , , ,"","A cold air mass was in place over the region on Sunday, February 1st. During the late evening hours,  an area of low pressure over the Ohio Valley began moving eastward towards the mid-Atlantic states.  With plenty of moisture streaming up from the south, precipitation spread across the region in the form of snow.  This snowfall picked up intensity during the overnight hours and continued through much of the day on Monday, February 2nd, as the low pressure area passed to the south of Long Island, New York.||Snowfall tapered off to snow showers by the evening hours and ended.  Most areas received 8 to 16 inches of snowfall with the highest totals in the Albany County Hilltowns, Mohawk Valley, Taconics and eastern Catskills.",46
559772,WESTERN ALBANY (ZONE), ,02/07/2015,900,Heavy Snow, , ,0,0,0,0,NY,EST-5, ,93250,Z,51,ALY,0,0,Trained Spotter, , , , , , , , ,02/10/2015,31, , , , ,"","A three day period of snowfall impacted all of eastern New York between February 7th and 9th, 2015.||The snowfall began on the morning of Saturday, February 7th, as an Arctic cold front dropped south across the region.  Light steady snow fell during most of the morning hours, but started to taper off from north to south during the afternoon hours. By the evening, a coating to a few inches fell across much of the region, with most areas seeing a break from the steady snowfall.  ||The frontal boundary stalled just south of the region for Saturday night. A weak disturbance moving along the boundary allowed for some additional snowfall between Saturday night into the early morning of Sunday, February 8th.  An additional coating to an inch or two fell across the region, with the heaviest amounts across northern areas.||After a lull in the snowfall for Sunday morning, a steadier and heavier snowfall developed for Sunday afternoon into Sunday night, as a stronger wave of low pressure moved along the frontal boundary.  This snowfall continued through the day Monday, February 9th as the wave of low pressure passed south of the region across the mid-Atlantic states. Snowfall tapered off between late Monday afternoon into Monday evening. ||By the time all of the snow ended, amounts ranged between 5 and 17 inches across the area, with the heaviest amounts in the Sacandaga area of the southern Adirondacks and Schoharie County.",47
672842,EASTERN ALBANY (ZONE), ,02/09/2017,200,Heavy Snow, , ,0,0,0,0,NY,EST-5, ,112691,Z,52,ALY,0,0,Trained Spotter, , , , , , , , ,02/09/2017,2000, , , , ,"","A low pressure system formed over the Tennessee Valley late on February 8. As this system tracked northeastward, it quickly strengthened, spreading moderate to heavy snow to the north of its track. This system became a full-fledged Nor'easter as it emerged offshore and tracked just off the tip of Long Island.||Storm total snowfall of 8 to 18 inches was observed from the wee hours through the early afternoon hours of February 9.  The snowfall was very intense for a time around sunrise, with Albany International Airport reporting 4 inches in one hour.  Toward the end of the event, a localized band of moderate to heavy snow formed over western portions of the Capital District, further enhancing snowfall totals.",48
672849,WESTERN ALBANY (ZONE), ,02/09/2017,200,Heavy Snow, , ,0,0,0,0,NY,EST-5, ,112691,Z,51,ALY,0,0,Trained Spotter, , , , , , , , ,02/09/2017,2000, , , , ,"","A low pressure system formed over the Tennessee Valley late on February 8. As this system tracked northeastward, it quickly strengthened, spreading moderate to heavy snow to the north of its track. This system became a full-fledged Nor'easter as it emerged offshore and tracked just off the tip of Long Island.||Storm total snowfall of 8 to 18 inches was observed from the wee hours through the early afternoon hours of February 9.  The snowfall was very intense for a time around sunrise, with Albany International Airport reporting 4 inches in one hour.  Toward the end of the event, a localized band of moderate to heavy snow formed over western portions of the Capital District, further enhancing snowfall totals.",49
867727,EASTERN ALBANY (ZONE), ,12/01/2019,600,Heavy Snow, , ,0,0,0,0,NY,EST-5, ,144540,Z,52,ALY,0,0,Trained Spotter, , , , , , , , ,12/03/2019,504, , , , ,"","A major winter storm impacted eastern New York and western New England December 1-3, 2019. Snowfall began during the late morning and early afternoon of the 1st ahead of a weakening low pressure system approaching from the western Great Lakes. Snowfall rates of 1-2 per hour occurred from the afternoon into the evening, with the heaviest along the I-90 corridor. As the primary low pressure system weakened, it transferred its energy to a coastal low, which strengthened as it remained nearly stationary for much of the 2nd. This allowed snow to continue to accumulate throughout the day. As the low finally pulled away late on the 2nd into the early morning hours of the 3rd, one final heavy snow band crossed the area before the snow finally pulled out prior to daybreak on the 3rd.||Storm total snowfall amounts were heaviest in the central Mohawk Valley, Helderbergs, northeastern Catskills, and the Capital District, where totals of 18-28 were common. The 22.6 recorded at Albany International Airport made this the 8th largest snowstorm on record, the 4th largest December storm, and the largest since the March 1993 Superstorm. It snowed for 39 hours and 14 minutes consecutively. Many schools were closed for two consecutive days, and numerous flights were delayed or cancelled. The governor declared a state of emergency for several of the hard-hit counties, and deployed the National Guard to assist in cleanup efforts. Speed restrictions were also placed on area interstate highways. Amounts of 8-18 were common elsewhere, except for southern portions of Dutchess County due to warmer temperatures and mixed precipitation, and northern portions of Herkimer, Hamilton, Warren, and Washington Counties which were on the fringe of the heavier precipitation.",50
867747,WESTERN ALBANY (ZONE), ,12/01/2019,600,Heavy Snow, , ,0,0,0,0,NY,EST-5, ,144540,Z,51,ALY,0,0,Trained Spotter, , , , , , , , ,12/03/2019,504, , , , ,"","A major winter storm impacted eastern New York and western New England December 1-3, 2019. Snowfall began during the late morning and early afternoon of the 1st ahead of a weakening low pressure system approaching from the western Great Lakes. Snowfall rates of 1-2 per hour occurred from the afternoon into the evening, with the heaviest along the I-90 corridor. As the primary low pressure system weakened, it transferred its energy to a coastal low, which strengthened as it remained nearly stationary for much of the 2nd. This allowed snow to continue to accumulate throughout the day. As the low finally pulled away late on the 2nd into the early morning hours of the 3rd, one final heavy snow band crossed the area before the snow finally pulled out prior to daybreak on the 3rd.||Storm total snowfall amounts were heaviest in the central Mohawk Valley, Helderbergs, northeastern Catskills, and the Capital District, where totals of 18-28 were common. The 22.6 recorded at Albany International Airport made this the 8th largest snowstorm on record, the 4th largest December storm, and the largest since the March 1993 Superstorm. It snowed for 39 hours and 14 minutes consecutively. Many schools were closed for two consecutive days, and numerous flights were delayed or cancelled. The governor declared a state of emergency for several of the hard-hit counties, and deployed the National Guard to assist in cleanup efforts. Speed restrictions were also placed on area interstate highways. Amounts of 8-18 were common elsewhere, except for southern portions of Dutchess County due to warmer temperatures and mixed precipitation, and northern portions of Herkimer, Hamilton, Warren, and Washington Counties which were on the fringe of the heavier precipitation.",51
932085,WESTERN ALBANY (ZONE), ,12/16/2020,1900,Heavy Snow, , ,0,0,0,0,NY,EST-5, ,154712,Z,51,ALY,0,0,Trained Spotter, , , , , , , , ,12/17/2020,1300, , , , ,"","An area of low pressure tracked northward off the East Coast toward New York City on Wednesday, December 16, then eastward to just off Cape Cod on Thursday, December 17. As a result, cold enough air north of this low led to moderate to heavy snowfall across all of eastern New York.  Snow started across the mid-Hudson Valley during the late afternoon hours on Wednesday, December 16 and then pushed farther north into the rest of eastern New York during the evening and overnight hours. Snow reached its peak intensity during the overnight hours before gradually winding down during the morning hours on Thursday, December 17.||Bands of heavy snow occurred with snowfall rates of 1 to 2 inches per hour reported at times. An exceptionally strong band of snow sat over areas just north and west of Albany, New York for several hours producing snowfall rates of 3 to 6 inches per hour. Areas within this heavy band included Schoharie, Schenectady, Saratoga, southeast Warren and Washington counties and extended into southern Vermont. Here, snowfall totals ranged from 24 to around 40 inches. Snowfall amounts of 12 to 24 inches were common elsewhere, aside from northern portions of Herkimer and Hamilton counties, which were on the outer periphery of the storm, as snowfall amounts trended downward to between 2 and 6 inches there. The Albany International Airport received 22.9 inches of snow which marked it as the 8th biggest snowstorm on record and the 4th biggest in the month of December, just surpassing the December 1-3, 2019 snowstorm. The snow from this storm generally fell in a 12-18 hour period, about half of the time when compared to the December 1-3, 2019 storm.||New York Governor Andrew Cuomo declared a State of Emergency for 18 counties in New York including Albany, Columbia, Dutchess, Greene, Montgomery, Rensselaer, Saratoga, Schenectady, Schoharie, Ulster and Washington. State police responded to hundreds of accidents and disabled vehicles across the state. As a result of the heavy snow, speed limits were reduced to 45 mph across many key interstate corridors, including the NY Thruway, I-88, I-87, I-787 and I-890. Many school districts were closed on Thursday, December 17. Most scheduled departing flights from the Albany International Airport were also canceled.||One man was killed (indirect) after his snowmobile collided with a tractor trailer on Interstate 787 southbound in Albany at exit 4B near Corning Preserve around 2:30 am on Thursday, December 17.||Key impacts: transportation delays, traffic accidents, flight cancellations, school closures, one indirect fatality.",52
932086,EASTERN ALBANY (ZONE), ,12/16/2020,1900,Heavy Snow, , ,0,0,0,0,NY,EST-5, ,154712,Z,52,ALY,0,1,NWS Employee, , , , , , , , ,12/17/2020,1300, , , , ,"One man was killed (indirect) after his snowmobile collided with a tractor trailer on Interstate 787 southbound in Albany at Exit 4B near the Corning Preserve around 2:30 am on Thursday, December 17.","An area of low pressure tracked northward off the East Coast toward New York City on Wednesday, December 16, then eastward to just off Cape Cod on Thursday, December 17. As a result, cold enough air north of this low led to moderate to heavy snowfall across all of eastern New York.  Snow started across the mid-Hudson Valley during the late afternoon hours on Wednesday, December 16 and then pushed farther north into the rest of eastern New York during the evening and overnight hours. Snow reached its peak intensity during the overnight hours before gradually winding down during the morning hours on Thursday, December 17.||Bands of heavy snow occurred with snowfall rates of 1 to 2 inches per hour reported at times. An exceptionally strong band of snow sat over areas just north and west of Albany, New York for several hours producing snowfall rates of 3 to 6 inches per hour. Areas within this heavy band included Schoharie, Schenectady, Saratoga, southeast Warren and Washington counties and extended into southern Vermont. Here, snowfall totals ranged from 24 to around 40 inches. Snowfall amounts of 12 to 24 inches were common elsewhere, aside from northern portions of Herkimer and Hamilton counties, which were on the outer periphery of the storm, as snowfall amounts trended downward to between 2 and 6 inches there. The Albany International Airport received 22.9 inches of snow which marked it as the 8th biggest snowstorm on record and the 4th biggest in the month of December, just surpassing the December 1-3, 2019 snowstorm. The snow from this storm generally fell in a 12-18 hour period, about half of the time when compared to the December 1-3, 2019 storm.||New York Governor Andrew Cuomo declared a State of Emergency for 18 counties in New York including Albany, Columbia, Dutchess, Greene, Montgomery, Rensselaer, Saratoga, Schenectady, Schoharie, Ulster and Washington. State police responded to hundreds of accidents and disabled vehicles across the state. As a result of the heavy snow, speed limits were reduced to 45 mph across many key interstate corridors, including the NY Thruway, I-88, I-87, I-787 and I-890. Many school districts were closed on Thursday, December 17. Most scheduled departing flights from the Albany International Airport were also canceled.||One man was killed (indirect) after his snowmobile collided with a tractor trailer on Interstate 787 southbound in Albany at exit 4B near Corning Preserve around 2:30 am on Thursday, December 17.||Key impacts: transportation delays, traffic accidents, flight cancellations, school closures, one indirect fatality.",53
1155384,WESTERN ALBANY (ZONE), ,01/06/2024,1900,Heavy Snow, , ,0,0,0,0,NY,EST-5, ,188115,Z,51,ALY,0,0,Trained Spotter, , , , , , , , ,01/07/2024,1900, , , , ,"","An area of low pressure slowly tracking up and just off the East Coast brought widespread moderate to heavy snow across eastern New York on January 6-7, 2024. Snowfall totals were generally between 5 and 10 inches with localized areas above a foot. A few vehicle accidents occurred as a result of the snow covered and slippery roads. Snow Emergencies were also declared for some municipalities.||Key impacts: car accidents, travel delays.",54
1155385,EASTERN ALBANY (ZONE), ,01/06/2024,1900,Heavy Snow, , ,0,0,0,0,NY,EST-5, ,188115,Z,52,ALY,0,0,Trained Spotter, , , , , , , , ,01/07/2024,1900, , , , ,"","An area of low pressure slowly tracking up and just off the East Coast brought widespread moderate to heavy snow across eastern New York on January 6-7, 2024. Snowfall totals were generally between 5 and 10 inches with localized areas above a foot. A few vehicle accidents occurred as a result of the snow covered and slippery roads. Snow Emergencies were also declared for some municipalities.||Key impacts: car accidents, travel delays.",55
